user_id,name,community_id,interests
1,Allison Hill,BlockE,"Cycling,Gaming,Writing"
2,Noah Rhodes,BlockD,"Reading,Gardening,Fishing"
3,Angie Henderson,BlockC,"Cycling,Fitness,Camping"
4,Daniel Wagner,BlockE,"Cycling,Fitness,Technology"
5,Cristian Santos,BlockB,"Traveling,Camping,Photography"
6,Connie Lawrence,BlockE,"Hiking,Movies,Fishing"
7,Abigail Shaffer,BlockE,"Writing,Fashion,Fishing"
8,Gina Moore,BlockD,"Dancing,Cycling,Fashion"
9,Gabrielle Davis,BlockD,"Cooking,Gardening,Movies"
10,Ryan Munoz,BlockB,"Fashion,Cycling,Dancing"
11,Monica Herrera,BlockA,"Fitness,Photography,Writing"
12,Jamie Arnold,BlockD,"Cooking,Photography,Technology"
13,Lisa Hensley,BlockE,"Photography,Fitness,Yoga"
14,Michele Williams,BlockB,"Fitness,Technology,Gardening"
15,Dylan Miller,BlockB,"Fishing,Yoga,Reading"
16,Brian Ramirez,BlockA,"Sports,Art,Music"
17,Holly Wood,BlockB,"Gaming,Reading,Fishing"
18,Derek Zuniga,BlockE,"Writing,Technology,Traveling"
19,Lisa Jackson,BlockB,"Fishing,Sports,Movies"
20,Carla Gray,BlockA,"Writing,Reading,Fashion"
21,Margaret Hawkins DDS,BlockC,"Cycling,Fitness,Movies"
22,Patty Perez,BlockA,"Sports,Cooking,Cycling"
23,Ethan Adams,BlockE,"Art,Cooking,Traveling"
24,Tommy Walter,BlockD,"Fitness,Traveling,Gardening"
25,Matthew Foster,BlockC,"Fashion,Photography,Sports"
26,Judy Baker,BlockE,"Hiking,Movies,Yoga"
27,Justin Baker,BlockE,"Movies,Camping,Fitness"
28,Stephanie Ross,BlockB,"Fitness,Movies,Cycling"
29,Zachary Hicks,BlockC,"Cycling,Technology,Fitness"
30,Anthony Rodriguez,BlockA,"Gaming,Technology,Gardening"
31,Rebecca Henderson,BlockB,"Cycling,Gardening,Yoga"
32,James Ferrell,BlockA,"Photography,Fitness,Yoga"
33,Tricia Valencia,BlockC,"Reading,Yoga,Cooking"
34,Nathan Maldonado,BlockC,"Dancing,Cycling,Sports"
35,Debra Davidson,BlockC,"Traveling,Cycling,Reading"
36,Jeffrey Chavez,BlockB,"Fitness,Gaming,Fishing"
37,Sherri Baker,BlockA,"Hiking,Gardening,Camping"
38,Cassandra Gaines,BlockC,"Sports,Writing,Cooking"
39,Elizabeth Fowler,BlockB,"Gaming,Fashion,Cycling"
40,Brittany Farmer,BlockD,"Gardening,Photography,Art"
41,Paula Moreno,BlockA,"Reading,Yoga,Gardening"
42,Fred Smith,BlockA,"Cooking,Yoga,Reading"
43,Sherry Decker,BlockB,"Traveling,Sports,Dancing"
44,Anthony Humphrey,BlockC,"Cycling,Movies,Gaming"
45,Angelica Tucker,BlockE,"Cooking,Gardening,Sports"
46,Philip Cannon,BlockB,"Writing,Gardening,Cooking"
47,John Pierce,BlockC,"Sports,Music,Fashion"
48,Shane Henderson,BlockC,"Music,Traveling,Writing"
49,Joshua Blair,BlockA,"Yoga,Fishing,Traveling"
50,Eric Carney,BlockC,"Dancing,Cycling,Yoga"
51,Jessica Holmes,BlockD,"Yoga,Movies,Art"
52,Danny Morgan,BlockC,"Camping,Cooking,Hiking"
53,Crystal Robinson,BlockD,"Gardening,Camping,Fitness"
54,Mark Perez,BlockE,"Sports,Fishing,Reading"
55,Shannon Jones,BlockB,"Hiking,Camping,Yoga"
56,Michael Lewis,BlockB,"Movies,Fitness,Music"
57,Timothy Duncan,BlockD,"Art,Camping,Music"
58,Richard Aguirre,BlockE,"Photography,Movies,Cooking"
59,Brent Jordan,BlockC,"Gardening,Dancing,Movies"
60,John Daniel,BlockD,"Hiking,Art,Technology"
61,Victoria Garcia,BlockE,"Cooking,Reading,Technology"
62,Gerald Hensley,BlockD,"Gaming,Sports,Gardening"
63,Connor West,BlockC,"Traveling,Hiking,Technology"
64,Donald Wright,BlockE,"Reading,Art,Cycling"
65,Jessica Callahan,BlockA,"Camping,Dancing,Fishing"
66,Amber Kidd,BlockE,"Technology,Music,Fashion"
67,Tracy House,BlockC,"Technology,Photography,Camping"
68,Carol Tucker,BlockA,"Fashion,Yoga,Gardening"
69,James Brown,BlockB,"Camping,Art,Traveling"
70,William Baker,BlockD,"Fitness,Fishing,Gardening"
71,Jordan Henderson,BlockE,"Gaming,Movies,Cycling"
72,Whitney Peters,BlockD,"Cycling,Gaming,Music"
73,Brittney Phillips,BlockE,"Art,Yoga,Writing"
74,Lauren Daniels,BlockB,"Hiking,Technology,Photography"
75,Amy Silva,BlockB,"Sports,Hiking,Gaming"
76,Sarah Moore,BlockE,"Sports,Fitness,Music"
77,Angela Lopez,BlockE,"Music,Hiking,Photography"
78,Megan Young,BlockA,"Gaming,Traveling,Art"
79,Steve Sanchez,BlockD,"Fishing,Cooking,Sports"
80,Lisa Barnes,BlockC,"Cooking,Reading,Music"
81,Kelly Donovan,BlockB,"Sports,Movies,Traveling"
82,Mike Allen,BlockD,"Art,Gaming,Sports"
83,Michael Evans,BlockB,"Reading,Fitness,Photography"
84,Paul Jones,BlockD,"Hiking,Writing,Fashion"
85,Zachary Ferrell,BlockC,"Sports,Traveling,Fishing"
86,Daniel Baker,BlockD,"Yoga,Reading,Writing"
87,Shirley Suarez,BlockD,"Traveling,Writing,Cycling"
88,Christopher Bass,BlockB,"Writing,Technology,Photography"
89,Lisa Archer,BlockC,"Yoga,Reading,Gaming"
90,Aimee Montoya,BlockC,"Cooking,Sports,Fitness"
91,Matthew Mcmillan,BlockB,"Traveling,Writing,Cycling"
92,Brian Rodriguez,BlockB,"Sports,Cycling,Photography"
93,Denise Jacobs,BlockE,"Sports,Gardening,Camping"
94,Christina Walters,BlockA,"Writing,Photography,Fashion"
95,John Whitehead,BlockC,"Hiking,Dancing,Fishing"
96,Anna Henderson,BlockD,"Yoga,Gardening,Fishing"
97,Aaron Wise,BlockE,"Fishing,Fitness,Photography"
98,Deborah Figueroa,BlockB,"Movies,Art,Fishing"
99,Jessica Smith,BlockC,"Dancing,Hiking,Sports"
100,Stephen Mckee,BlockD,"Fashion,Camping,Movies"
